Domain,Name
news.naver.com,네이버뉴스
news.naver.com,네이버뉴스
www.hankyung.com,한국경제
news.naver.com,네이버뉴스
news.mtn.co.kr,머니투데이
www.hankyung.com,한국경제
n.news.naver.com,네이버뉴스(모바일)
n.news.naver.com,네이버뉴스(모바일)
www.hankookilbo.com,한국일보
news.naver.com,네이버뉴스
biz.chosun.com,조선일보_비즈
news1.kr,뉴스1코리아
www.donga.com,동아닷컴
news.kmib.co.kr,국민일보
news.heraldcorp.com,헤럴드경제
www.mk.co.kr,매일경제
news.tf.co.kr,더팩트
www.hankyung.com,한국경제
www.donga.com,동아닷컴
www.hankyung.com,한국경제
www.mk.co.kr,매일경제
www.hankyung.com,한국경제
biz.chosun.com,조선일보_비즈
www.inews24.com,아이뉴스24
www.businesskorea.co.kr,비즈니스코리아
www.sedaily.com,서울경제
news.naver.com,네이버뉴스
news.v.daum.net,다음뉴스
m.news.naver.com,네이버뉴스(모바일)
m.news.naver.com,네이버뉴스(모바일)
m.news.naver.com,네이버뉴스(모바일)
news.naver.com,네이버뉴스
news.naver.com,네이버뉴스
news.naver.com,네이버뉴스
news.naver.com,네이버뉴스
news.naver.com,네이버뉴스
news.naver.com,네이버뉴스
news.naver.com,네이버뉴스
www.dailian.co.kr,데일리안
news.naver.com,네이버뉴스
news.naver.com,네이버뉴스
news.naver.com,네이버뉴스
news.naver.com,네이버뉴스
news.naver.com,네이버뉴스
www.thebell.co.kr,더벨
www.fnnews.com,파이낸셜뉴스
news.naver.com,네이버뉴스
news.naver.com,네이버뉴스
www.sedaily.com,서울경제
news.naver.com,네이버뉴스
news.naver.com,네이버뉴스
www.hankyung.com,한국경제
news.naver.com,네이버뉴스
toktokmagazine.com,톡톡매거진
news.naver.com,네이버뉴스
news.naver.com,네이버뉴스
www.hankyung.com,한국경제
www.hankyung.com,한국경제
www.hankyung.com,한국경제
www.mk.co.kr,매일경제
news.khan.co.kr,경향신문
news.naver.com,네이버뉴스
weekly.hankooki.com,주간한국
www.fnnews.com,파이낸셜뉴스
news.naver.com,네이버뉴스
news.naver.com,네이버뉴스
news.naver.com,네이버뉴스
www.nongmin.com,농민신문
news.naver.com,네이버뉴스
www.mk.co.kr,매일경제
www.mk.co.kr,매일경제
news.naver.com,네이버뉴스
www.mk.co.kr,매일경제
news.naver.com,네이버뉴스
m.mk.co.kr,매일경제(모바일)
www.hankyung.com,한국경제
www.fnnews.com,파이낸셜뉴스
m.news.naver.com,네이버뉴스(모바일)
news.naver.com,네이버뉴스
news.naver.com,네이버뉴스
www.mk.co.kr,매일경제
news.naver.com,네이버뉴스
www.hankyung.com,한국경제
news.naver.com,네이버뉴스
news.naver.com,네이버뉴스
news.naver.com,네이버뉴스
www.hankyung.com,한국경제
m.news.naver.com,네이버뉴스(모바일)
news.naver.com,네이버뉴스
www.hankyung.com,한국경제
cm.asiae.co.kr,아시아경제(모바일)
news.naver.com,네이버뉴스
www.mk.co.kr,매일경제
m.biz.chosun.com,조선일보_비즈(모바일)
www.fnnews.com,파이낸셜뉴스
news.naver.com,네이버뉴스
www.hankyung.com,한국경제
news.naver.com,네이버뉴스
news.naver.com,네이버뉴스
news.naver.com,네이버뉴스
www.sedaily.com,서울경제
news.naver.com,네이버뉴스
www.hankyung.com,한국경제
news.naver.com,네이버뉴스
news.naver.com,네이버뉴스
www.hankyung.com,한국경제
news.naver.com,네이버뉴스
news.naver.com,네이버뉴스
news.naver.com,네이버뉴스
biz.chosun.com,조선일보_비즈
www.kukinews.com,쿠키뉴스
news.naver.com,네이버뉴스
news.naver.com,네이버뉴스
news.naver.com,네이버뉴스
news.naver.com,네이버뉴스
www.mk.co.kr,매일경제
www.mk.co.kr,매일경제
www.seoul.co.kr,서울신문
news.joins.com,중앙일보
www.hankyung.com,한국경제
www.donga.com,동아닷컴
m.inews24.com,아이뉴스24(모바일)
news.naver.com,네이버뉴스
www.hankyung.com,한국경제
it.chosun.com,조선일보_IT
news.naver.com,네이버뉴스
news.naver.com,네이버뉴스
www.hankyung.com,한국경제
www.hankyung.com,한국경제
www.etnews.com,전자신문
news.naver.com,네이버뉴스
www.mk.co.kr,매일경제
news.naver.com,네이버뉴스
www.thebell.co.kr,더벨
news.naver.com,네이버뉴스
www.mk.co.kr,매일경제
www.sedaily.com,서울경제
www.sedaily.com,서울경제
www.techm.kr,테크엠
m.news.naver.com,네이버뉴스(모바일)
www.edaily.co.kr,이데일리
www.ebn.co.kr,이비뉴스
newsis.com,뉴시스
view.asiae.co.kr,아시아경제
news.naver.com,네이버뉴스
news.naver.com,네이버뉴스
www.hankyung.com,한국경제
news.naver.com,네이버뉴스
www.hankyung.com,한국경제
news.naver.com,네이버뉴스
news.naver.com,네이버뉴스
www.mk.co.kr,매일경제
it.chosun.com,조선일보_IT
n.news.naver.com,네이버뉴스(모바일)
n.news.naver.com,네이버뉴스(모바일)
www.mk.co.kr,매일경제
www.ftoday.co.kr,파이낸셜투데이
www.yna.co.kr,연합뉴스
www.sedaily.com,서울경제
www.etnews.com,전자신문
cnews.fntimes.com,한국금융
newsis.com,뉴시스
news.kmib.co.kr,국민일보
news.naver.com,네이버뉴스
view.asiae.co.kr,아시아경제
news.naver.com,네이버뉴스
www.sedaily.com,서울경제
www.hani.co.kr,한겨레
news.naver.com,네이버뉴스
news.naver.com,네이버뉴스
news.naver.com,네이버뉴스
news.naver.com,네이버뉴스
www.hankyung.com,한국경제
www.hankyung.com,한국경제
www.fnnews.com,파이낸셜뉴스
news.naver.com,네이버뉴스
news.naver.com,네이버뉴스
n.news.naver.com,네이버뉴스(모바일)
m.news.naver.com,네이버뉴스(모바일)
www.hankyung.com,한국경제
news.naver.com,네이버뉴스
news.naver.com,네이버뉴스
www.pressm.kr,프레스맨
www.kbanker.co.kr,대한금융신문
news.naver.com,네이버뉴스
www.hankyung.com,한국경제
www.thebell.co.kr,더벨
news.heraldcorp.com,헤럴드경제
news.naver.com,네이버뉴스
m.news.naver.com,네이버뉴스(모바일)
m.sedaily.com,서울경제(모바일)
www.sedaily.com,서울경제
news.naver.com,네이버뉴스
www.mk.co.kr,매일경제
news.naver.com,네이버뉴스
